strand,start,end,length_aa
-1,3511,4162,216
-1,10642,11356,237
-1,14515,14926,136
-1,19810,20314,167
-1,22405,23617,403
-1,28438,28807,122
-1,30079,30586,168
-1,34780,35392,203
-1,37897,39115,405
-1,48541,48904,120
-1,52426,53416,329
-1,54754,57109,784
-1,59686,60403,238
-1,65854,66550,231
-1,68347,70048,566
-1,72910,74521,536
-1,75643,77320,558
-1,78847,79453,201
-1,80866,81961,364
-1,94618,95032,137
-1,96190,96706,171
-1,104047,104533,161
-1,104554,104962,135
-1,105265,106447,393
-1,106669,107065,131
-1,110854,111235,126
-1,117211,117748,178
-1,117751,118687,311
-1,119758,120151,130
-1,123265,125539,757
-1,129406,131260,617
-1,132181,133294,370
-1,133396,134245,282
-1,147943,148795,283
-1,152242,152854,203
-1,156298,156883,194
-1,157252,157732,159
-1,161500,162244,247
-1,171238,171607,122
-1,177661,178489,275
-1,185122,185947,274
-1,185977,188650,890
-1,216178,217057,292
-1,229966,230881,304
-1,235534,236113,192
-1,256108,256561,150
-1,260959,261337,125
-1,262447,262837,129
-1,265303,265756,150
-1,268096,268963,288
-1,272467,272893,141
-1,275617,276403,261
-1,276913,277297,127
-1,280384,280762,125
-1,280828,281983,384
-1,282205,283168,320
-1,285403,286174,256
-1,286240,286774,177
-1,288403,289162,252
-1,289300,290305,334
-1,291421,291820,132
-1,292321,292948,208
-1,293944,294799,284
-1,295138,295579,146
-1,297769,298726,318
-1,298735,300934,732
-1,305173,306817,547
-1,317725,318328,200
-1,325576,327292,571
-1,335485,336094,202
-1,342868,343255,128
-1,350308,351094,261
-1,351217,351727,169
-1,352294,352975,226
-1,353008,353572,187
-1,353698,354715,338
-1,357790,358774,327
-1,358792,359161,122
-1,366427,367519,363
-1,370018,370435,138
-1,370474,370852,125
-1,373774,374617,280
-1,376813,377233,139
-1,380068,380842,257
-1,381718,382150,143
-1,382738,383935,398
-1,384058,384469,136
-1,385528,385930,133
-1,391738,392605,288
-1,412606,415753,1048
-1,419761,420136,124
-1,421051,422332,426
-1,424336,424918,193
-1,426058,426466,135
-1,431128,432061,310
-1,435106,435730,207
-1,436681,437140,152
-1,443050,443647,198
-1,448045,448660,204
-1,455464,455977,170
-1,456784,457195,136
-1,459169,460402,410
-1,461926,462700,257
-1,463003,463405,133
-1,463648,464071,140
-1,464851,465547,231
-1,472654,473035,126
-1,475981,476371,129
-1,478780,479290,169
-1,493834,494410,191
-1,505288,505945,218
-1,506602,507082,159
-1,508324,508729,134
-1,514855,515773,305
-1,520333,520714,126
-1,526054,526420,121
-1,530131,531226,364
-1,539455,539953,165
-1,548944,549637,230
-1,550474,551161,228
-1,553942,554437,164
-1,564814,565978,387
-1,572719,573277,185
-1,582151,582736,194
-1,603415,604681,421
-1,621184,622201,338
-1,629968,630457,162
-1,636715,637618,300
-1,638911,639565,217
-1,643159,643684,174
-1,646630,647509,292
-1,650797,651943,381
-1,660424,661378,317
-1,661636,662278,213
-1,665200,666313,370
-1,669295,669910,204
-1,670573,671605,343
-1,674053,674434,126
-1,683476,684445,322
-1,684529,685255,241
-1,691873,692341,155
-1,701602,702751,382
-1,711604,711967,120
-1,713524,714562,345
-1,718261,720460,732
-1,721729,724456,908
-1,724987,727036,682
-1,743020,743425,134
-1,746722,747847,374
-1,748978,749731,250
-1,753184,754468,427
-1,757003,757624,206
-1,761860,762760,299
-1,764251,764920,222
-1,766684,767050,121
-1,771865,772804,312
-1,772930,774211,426
-1,777949,778327,125
-1,778459,778846,128
-1,784936,785317,126
-1,786160,786544,127
-1,788830,789979,382
-1,789982,791029,348
-1,791038,792097,352
-1,793855,794644,262
-1,799621,800638,338
-1,807967,809368,466
-1,818308,818800,163
-1,823735,824497,253
-1,825001,826108,368
-1,828973,829972,332
-1,835699,836068,122
-1,836692,837121,142
-1,839248,841531,760
-1,841795,842200,134
-1,845740,846463,240
-1,848407,849034,208
-1,853831,854305,157
-1,860173,862606,810
-1,864379,865129,249
-1,876709,878035,441
-1,879853,880486,210
-1,888133,889819,561
-1,897541,897907,121
-1,900865,901534,222
-1,904948,905410,153
-1,913957,914905,315
-1,918127,919120,330
-1,923353,923749,131
-1,924703,925219,171
-1,931084,932146,353
-1,934372,934768,131
-1,935068,935812,247
-1,938140,938509,122
-1,939127,939571,147
-1,939700,940216,171
-1,940798,941224,141
-1,951271,953554,760
-1,953608,954640,343
-1,954871,956665,597
-1,958477,958939,153
-1,965458,965875,138
-1,1015030,1015438,135
-1,1015951,1016668,238
-1,1020409,1020925,171
-1,1021729,1023892,720
-1,1023901,1024348,148
-1,1026556,1027024,155
-1,1035724,1036372,215
-1,1044229,1044688,152
-1,1048687,1049332,214
-1,1053433,1056178,914
-1,1057261,1057954,230
-1,1058104,1058620,171
-1,1058623,1059346,240
-1,1067296,1067665,122
-1,1071772,1072159,128
-1,1074919,1078948,1342
-1,1082023,1082422,132
-1,1084072,1084435,120
-1,1086520,1087846,441
-1,1089865,1092289,807
-1,1111063,1111435,123
-1,1111663,1112149,161
-1,1117279,1117642,120
-1,1117900,1118476,191
-1,1118479,1119121,213
-1,1120039,1120432,130
-1,1121560,1122607,348
-1,1122712,1123474,253
-1,1130203,1130863,219
-1,1134145,1134535,129
-1,1137535,1137934,132
-1,1146010,1146634,207
-1,1148470,1148887,138
-1,1149361,1150243,293
-1,1163371,1163755,127
-1,1167607,1167976,122
-1,1170517,1174027,1169
-1,1175461,1175860,132
-1,1176133,1176523,129
-1,1178461,1178875,137
-1,1181263,1181734,156
-1,1181782,1182829,348
-1,1192666,1193818,383
-1,1196866,1197520,217
-1,1197532,1198246,237
-1,1209118,1209658,179
-1,1213327,1214059,243
-1,1214263,1215553,429
-1,1225384,1226080,231
-1,1227070,1227472,133
-1,1228273,1228714,146
-1,1229482,1230538,351
-1,1233175,1234771,531
-1,1238173,1238707,177
-1,1243792,1244527,244
-1,1247695,1249120,474
-1,1257928,1258513,194
-1,1268125,1269088,320
-1,1275178,1275943,254
-1,1287781,1288624,280
-1,1309015,1310287,423
-1,1311847,1312246,132
-1,1318426,1319785,452
-1,1319788,1321384,531
-1,1328353,1329112,252
-1,1332769,1333204,144
-1,1343596,1344346,249
-1,1346977,1348912,644
-1,1350250,1351039,262
-1,1352635,1353628,330
-1,1354504,1355470,321
-1,1357801,1359241,479
-1,1371709,1372090,126
-1,1373374,1373839,154
-1,1380835,1381237,133
-1,1382962,1383961,332
-1,1391965,1392334,122
-1,1394890,1395922,343
-1,1396387,1396756,122
-1,1397671,1398649,325
-1,1399720,1400236,171
-1,1403254,1404580,441
-1,1411012,1411948,311
-1,1411999,1413235,411
-1,1433083,1433674,196
-1,1435759,1436893,377
-1,1437259,1440784,1174
-1,1447705,1448098,130
-1,1451596,1453642,681
-1,1461946,1462327,126
-1,1466923,1467481,185
-1,1468783,1469194,136
-1,1478674,1479079,134
-1,1484002,1484929,308
-1,1486324,1486897,190
-1,1489960,1490365,134
-1,1510807,1511257,149
-1,1511737,1512538,266
-1,1517881,1518331,149
-1,1519024,1519396,123
-1,1520962,1523065,700
-1,1528273,1529467,397
-1,1536613,1537309,231
-1,1551253,1551928,224
-1,1553971,1555696,574
-1,1558030,1559017,328
-1,1562494,1563076,193
-1,1568953,1570489,511
-1,1572406,1575202,931
-1,1577656,1579342,561
-1,1588852,1590001,382
-1,1590853,1592233,459
-1,1594108,1598086,1325
-1,1601752,1602184,143
-1,1609228,1610680,483
-1,1612324,1613251,308
-1,1613314,1614727,470
-1,1621864,1622272,135
-1,1622959,1623856,298
-1,1634884,1635847,320
-1,1643254,1644343,362
-1,1664614,1664986,123
-1,1678348,1678897,182
-1,1680595,1681000,134
-1,1686730,1688377,548
-1,1692889,1694263,457
-1,1697272,1698040,255
-1,1698151,1699180,342
-1,1699435,1699852,138
-1,1708366,1709065,232
-1,1711111,1711822,236
-1,1715947,1717234,428
-1,1732225,1732621,131
-1,1744870,1746127,418
-1,1748746,1749559,270
-1,1749562,1750348,261
-1,1755754,1757101,448
-1,1765690,1766206,171
-1,1774345,1774741,131
-1,1777585,1778119,177
-1,1778389,1779301,303
-1,1779949,1780360,136
-1,1788295,1788709,137
-1,1789807,1791244,478
-1,1793557,1794109,183
-1,1794139,1794547,135
-1,1797958,1798954,331
-1,1807330,1807705,124
-1,1812328,1813144,271
-1,1816534,1816900,121
-1,1818604,1819447,280
-1,1819855,1821214,452
-1,1824361,1825000,212
-1,1825954,1826923,322
-1,1828255,1829791,511
-1,1840096,1840606,169
-1,1844998,1847017,672
-1,1848124,1848676,183
-1,1856932,1857769,278
-1,1858849,1860229,459
-1,1862875,1863754,292
-1,1865725,1866472,248
-1,1884691,1885084,130
-1,1885165,1885549,127
-1,1886863,1887991,375
-1,1888060,1889812,583
-1,1889950,1890532,193
-1,1890571,1891267,231
-1,1891324,1893235,636
-1,1897084,1897837,250
-1,1903177,1903939,253
-1,1911694,1912576,293
-1,1914835,1915534,232
-1,1915630,1916182,183
-1,1923718,1924591,290
-1,1924594,1924969,124
-1,1926778,1928839,686
-1,1930033,1930402,122
-1,1946854,1947379,174
-1,1967047,1967437,129
-1,1973359,1975378,672
-1,1976251,1977139,295
-1,1977265,1977844,192
-1,1980187,1981621,477
-1,1992268,1992817,182
-1,1998493,1999576,360
-1,2005579,2005942,120
-1,2007676,2008156,159
-1,2015032,2015965,310
-1,2017465,2017855,129
-1,2017921,2018299,125
-1,2028448,2029366,305
-1,2035897,2036299,133
-1,2054611,2054977,121
-1,2058202,2059846,547
-1,2059963,2060914,316
-1,2062390,2063326,311
-1,2064478,2065258,259
-1,2068951,2069857,301
-1,2072767,2073130,120
-1,2073853,2074249,131
-1,2076244,2076742,165
-1,2079031,2079427,131
-1,2079532,2080591,352
-1,2081380,2082553,390
-1,2085703,2087068,454
-1,2093365,2093875,169
-1,2096176,2096554,125
-1,2096827,2097385,185
-1,2101894,2102911,338
-1,2107225,2108329,367
-1,2109580,2110138,185
-1,2118679,2120158,492
-1,2123083,2124520,478
-1,2125240,2125609,122
-1,2126224,2127190,321
-1,2128339,2128888,182
-1,2128903,2129650,248
-1,2132557,2133397,279
-1,2136103,2137243,379
-1,2143804,2144251,148
-1,2152468,2153128,219
-1,2159125,2159614,162
-1,2161003,2161615,203
-1,2173342,2174278,311
-1,2174596,2175049,150
-1,2175058,2176321,420
-1,2179723,2180176,150
-1,2187379,2188414,344
-1,2188429,2190910,826
-1,2190925,2191645,239
-1,2193058,2194198,379
-1,2198923,2199379,151
-1,2207791,2208187,131
-1,2215744,2216476,243
-1,2217502,2217955,150
-1,2223937,2224879,313
-1,2226010,2226385,124
-1,2226508,2227270,253
-1,2249956,2250559,200
-1,2250562,2250940,125
-1,2259718,2261410,563
-1,2262364,2263495,376
-1,2265040,2265427,128
-1,2281060,2281423,120
-1,2289064,2290081,338
-1,2290903,2291293,129
-1,2292406,2292964,185
-1,2297020,2297644,207
-1,2297656,2298259,200
-1,2298268,2298739,156
-1,2299564,2300260,231
-1,2300266,2302753,828
-1,2303002,2303497,164
-1,2306971,2308615,547
-1,2308690,2309341,216
-1,2310478,2311534,351
-1,2311645,2312749,367
-1,2314570,2314969,132
-1,2320747,2321113,121
-1,2334955,2336692,578
-1,2344774,2345275,166
-1,2345386,2346652,421
-1,2348821,2349472,216
-1,2349934,2351068,377
-1,2352667,2353375,235
-1,2358055,2358493,145
-1,2358862,2360191,442
-1,2361394,2361778,127
-1,2374999,2375962,320
-1,2377588,2379610,673
-1,2390047,2391505,485
-1,2391511,2393041,509
-1,2396464,2397442,325
-1,2400217,2401555,445
-1,2408698,2409118,139
-1,2412676,2413132,151
-1,2414674,2416945,756
-1,2419840,2420485,214
-1,2422648,2423539,296
-1,2426005,2426788,260
-1,2428720,2430238,505
-1,2430274,2430763,162
-1,2431021,2431684,220
-1,2432062,2432437,124
-1,2434081,2434741,219
-1,2435635,2436649,337
-1,2438941,2440120,392
-1,2440384,2441593,402
-1,2445559,2446384,274
-1,2446387,2447476,362
-1,2450050,2450590,179
-1,2451583,2452336,250
-1,2456326,2456812,161
-1,2459158,2460469,436
-1,2465590,2465986,131
-1,2472877,2473246,122
-1,2476693,2477635,313
-1,2478685,2479096,136
-1,2479720,2480125,134
-1,2493766,2494402,211
-1,2495896,2496568,223
-1,2501989,2504485,831
-1,2504509,2505547,345
-1,2508460,2509426,321
-1,2513200,2513965,254
-1,2515642,2517949,768
-1,2521738,2522101,120
-1,2522728,2523985,418
-1,2525929,2526856,308
-1,2530246,2531284,345
-1,2534215,2534632,138
-1,2534659,2535046,128
-1,2539774,2540143,122
-1,2540803,2541679,291
-1,2544751,2545864,370
-1,2546089,2546575,161
-1,2550640,2551216,191
-1,2551276,2551732,151
-1,2554129,2555182,350
-1,2555227,2555734,168
-1,2555740,2556400,219
-1,2556409,2557297,295
-1,2562289,2562838,182
-1,2570347,2571751,467
-1,2574301,2575003,233
-1,2579389,2579830,146
-1,2579854,2580592,245
-1,2582902,2583505,200
-1,2591578,2592022,147
-1,2593843,2595859,671
-1,2597830,2598868,345
-1,2604172,2604724,183
-1,2609332,2609917,194
-1,2613493,2613985,163
-1,2614819,2615881,353
-1,2618074,2618821,248
-1,2632603,2634115,503
-1,2640685,2641804,372
-1,2644432,2644864,143
-1,2662582,2663323,246
-1,2674699,2675794,364
-1,2678383,2679367,327
-1,2679463,2682814,1116
-1,2683192,2683582,129
-1,2689411,2689780,122
-1,2691655,2695543,1295
-1,2700997,2701744,248
-1,2703382,2704063,226
-1,2707321,2707801,159
-1,2709436,2710045,202
-1,2710516,2711029,170
-1,2712682,2713618,311
-1,2714029,2714395,121
-1,2719339,2719759,139
-1,2720035,2720440,134
-1,2722792,2723242,149
-1,2736403,2736901,165
-1,2737072,2737732,219
-1,2738947,2740069,373
-1,2749708,2750083,124
-1,2754007,2754370,120
-1,2757643,2758717,357
-1,2768119,2768509,129
-1,2772166,2772760,197
-1,2778145,2782855,1569
-1,2789458,2790034,191
-1,2792752,2793298,181
-1,2793406,2794165,252
-1,2801107,2801788,226
-1,2803834,2804206,123
-1,2807590,2808013,140
-1,2813305,2813986,226
-1,2814217,2814727,169
-1,2819380,2822011,876
-1,2822707,2823784,358
-1,2829025,2829418,130
-1,2830774,2832364,529
-1,2832445,2833003,185
-1,2835172,2837497,774
-1,2838253,2839330,358
-1,2839747,2840161,137
-1,2843035,2843446,136
-1,2846488,2847412,307
-1,2848480,2848927,148
-1,2853304,2853727,140
-1,2861449,2861854,134
-1,2866558,2867587,342
-1,2868892,2869519,208
-1,2870254,2871304,349
-1,2873386,2873992,201
-1,2875420,2876329,302
-1,2880373,2881054,226
-1,2882629,2884138,502
-1,2884552,2887219,888
-1,2888386,2890099,570
-1,2894542,2894917,124
-1,2895775,2896561,261
-1,2898025,2898409,127
-1,2909893,2910685,263
-1,2918044,2919409,454
-1,2920747,2922100,450
-1,2924734,2925280,181
-1,2936917,2937298,126
-1,2940142,2941243,366
-1,2944216,2944801,194
-1,2945035,2945842,268
-1,2947756,2949025,422
-1,2949208,2949733,174
-1,2952460,2956012,1183
-1,2963152,2963956,267
-1,2972668,2973862,397
-1,2977636,2978899,420
-1,2982496,2983258,253
-1,2984410,2985595,394
-1,2996371,2997277,301
-1,2998033,2998843,269
-1,3012613,3014239,541
-1,3029011,3030946,644
-1,3045157,3045901,247
-1,3049159,3049549,129
-1,3052339,3053518,392
-1,3054865,3055450,194
-1,3067339,3068080,246
-1,3069829,3070246,138
-1,3071458,3072685,408
-1,3073975,3074689,237
-1,3077470,3078859,462
-1,3078886,3079330,147
-1,3082876,3083797,306
-1,3090166,3090706,179
-1,3094099,3095155,351
-1,3098557,3099565,335
-1,3100903,3101623,239
-1,3104041,3104494,150
-1,3111127,3112021,297
-1,3113542,3114475,310
-1,3119596,3121279,560
-1,3121633,3123805,723
-1,3123826,3124249,140
-1,3130489,3130858,122
-1,3133243,3133957,237
-1,3140791,3141286,164
-1,3147265,3147691,141
-1,3150817,3151243,141
-1,3151249,3151984,244
-1,3154261,3155389,375
-1,3158926,3161146,739
-1,3163714,3165973,752
-1,3168748,3169231,160
-1,3173503,3175396,630
-1,3176005,3176833,275
-1,3176857,3177250,130
-1,3177280,3177910,209
-1,3179383,3179887,167
-1,3179902,3180361,152
-1,3181618,3182434,271
-1,3193054,3193486,143
-1,3193741,3194293,183
-1,3195319,3196753,477
-1,3199663,3200965,433
-1,3204220,3204592,123
-1,3213157,3213586,142
-1,3214195,3214942,248
-1,3214966,3215473,168
-1,3217555,3219076,506
-1,3232057,3232501,147
-1,3237391,3237781,129
-1,3241192,3241744,183
-1,3243328,3244804,491
-1,3255340,3256651,436
-1,3256678,3258010,443
-1,3259720,3260173,150
-1,3277855,3278665,269
-1,3278842,3279229,128
-1,3280681,3281248,188
-1,3283357,3283840,160
-1,3292474,3293335,286
-1,3294703,3295066,120
-1,3297097,3298138,346
-1,3298210,3298891,226
-1,3300751,3301300,182
-1,3302710,3303127,138
-1,3319987,3321646,552
-1,3322732,3324070,445
-1,3325000,3326944,647
-1,3327034,3327508,157
-1,3337255,3337891,211
-1,3337909,3338476,188
-1,3344824,3345385,186
-1,3354952,3355525,190
-1,3355633,3356368,244
-1,3356371,3356791,139
-1,3359074,3359731,218
-1,3360007,3360433,141
-1,3365701,3366718,338
-1,3369013,3369478,154
-1,3371083,3372604,506
-1,3372682,3373576,297
-1,3373666,3374176,169
-1,3382504,3382927,140
-1,3383329,3384334,334
-1,3396325,3397813,495
-1,3398386,3398875,162
-1,3406081,3407026,314
-1,3408937,3409324,128
-1,3410365,3410767,133
-1,3414025,3414643,205
-1,3422083,3422599,171
-1,3431419,3431962,180
-1,3439615,3439999,127
-1,3442765,3444097,443
-1,3445606,3446140,177
-1,3446152,3446545,130
-1,3452296,3452926,209
-1,3453928,3455398,489
-1,3475717,3476452,244
-1,3478801,3480607,601
-1,3482704,3483193,162
-1,3485413,3485818,134
-1,3488959,3490180,406
-1,3497206,3497674,155
-1,3498445,3498865,139
-1,3500371,3500920,182
-1,3504934,3506020,361
-1,3509812,3510976,387
-1,3511438,3512344,301
-1,3514381,3515059,225
-1,3516019,3517072,350
-1,3518542,3519265,240
-1,3521008,3521449,146
-1,3521971,3522778,268
-1,3532945,3533431,161
-1,3535864,3536599,244
-1,3541354,3542098,247
-1,3555832,3556849,338
-1,3556852,3558079,408
-1,3562402,3562909,168
-1,3564133,3566581,815
-1,3566599,3568033,477
-1,3571315,3573502,728
-1,3588109,3589219,369
-1,3590023,3590911,295
-1,3592723,3593437,237
-1,3594202,3595480,425
-1,3601027,3602113,361
-1,3602749,3604243,497
-1,3625678,3626887,402
-1,3630967,3632590,540
-1,3632851,3633244,130
-1,3642379,3643237,285
-1,3643240,3643726,161
-1,3659977,3660415,145
-1,3663889,3664618,242
-1,3680443,3681940,498
-1,3683629,3685618,662
-1,3685699,3689173,1157
-1,3692617,3695284,888
-1,3701863,3702868,334
-1,3703858,3704761,300
-1,3704770,3705790,339
-1,3708208,3708733,174
-1,3718333,3719164,276
-1,3729442,3730777,444
-1,3740752,3741163,136
-1,3752962,3754099,378
-1,3754972,3756649,558
-1,3770242,3771379,378
-1,3772474,3772858,127
-1,3775345,3775714,122
-1,3782641,3783661,339
-1,3787300,3787732,143
-1,3789046,3790081,344
-1,3798238,3799312,357
-1,3800266,3800965,232
-1,3805942,3807067,374
-1,3819487,3821176,562
-1,3825946,3826309,120
-1,3830953,3831334,126
-1,3850135,3850726,196
-1,3851095,3852784,562
-1,3855607,3855970,120
-1,3858400,3860116,571
-1,3871849,3872998,382
-1,3873595,3874474,292
-1,3876139,3876952,270
-1,3877066,3877474,135
-1,3880147,3881221,357
-1,3882325,3883741,471
-1,3889486,3890020,177
-1,3891937,3892510,190
-1,3899407,3900610,400
-1,3908548,3909439,296
-1,3917401,3918265,287
-1,3921235,3922051,271
-1,3923056,3923680,207
-1,3923743,3925633,629
-1,3926011,3926455,147
-1,3927826,3928264,145
-1,3929596,3931117,506
-1,3932314,3932677,120
-1,3936508,3936958,149
-1,3939184,3940588,467
-1,3948448,3949999,516
-1,3952831,3953344,170
-1,3956926,3957904,325
-1,3960682,3961198,171
-1,3961618,3962653,344
-1,3969541,3969991,149
-1,3975292,3975679,128
-1,3975946,3976522,191
-1,3989824,3990787,320
-1,3991603,3991987,127
-1,3996523,3997006,160
-1,4000291,4001056,254
-1,4001482,4001923,146
-1,4002418,4002841,140
-1,4011862,4012816,317
-1,4025728,4026118,129
-1,4026673,4027036,120
-1,4033195,4033912,238
-1,4034188,4034737,182
-1,4040905,4041433,175
-1,4045669,4046626,318
-1,4047199,4047679,159
-1,4052518,4053103,194
-1,4053868,4055338,489
-1,4064362,4065772,469
-1,4065808,4067227,472
-1,4067239,4069276,678
-1,4069474,4070401,308
-1,4071772,4072651,292
-1,4080298,4081228,309
-1,4086484,4086895,136
-1,4092376,4092823,148
-1,4093447,4094425,325
-1,4094722,4095988,421
-1,4100773,4101325,183
-1,4101655,4102054,132
-1,4102063,4102630,188
-1,4110739,4111507,255
-1,4115713,4117300,528
-1,4122379,4123339,319
-1,4124611,4126882,756
-1,4132405,4132954,182
-1,4137931,4139074,380
-1,4139719,4142221,833
-1,4143940,4144555,204
-1,4146343,4146739,131
-1,4147465,4148317,283
-1,4153315,4153708,130
-1,4156366,4156729,120
-1,4157755,4158133,125
-1,4163344,4163866,173
-1,4174075,4175182,368
-1,4178392,4179706,437
-1,4185442,4186984,513
-1,4187035,4189447,803
-1,4190734,4191868,377
-1,4197973,4198399,141
-1,4199992,4200442,149
-1,4203655,4204504,282
-1,4219768,4220155,128
-1,4223329,4223848,172
-1,4225132,4225630,165
-1,4225717,4226140,140
-1,4229452,4230142,229
-1,4234579,4235356,258
-1,4235788,4236223,144
-1,4239415,4239796,126
-1,4242625,4243516,296
-1,4247143,4247578,144
-1,4256275,4256674,132
-1,4263247,4264339,363
-1,4280674,4281100,141
-1,4288294,4288942,215
-1,4290586,4291129,180
-1,4291234,4291666,143
-1,4294375,4295194,272
-1,4295251,4295818,188
-1,4301026,4303078,683
-1,4304611,4306609,665
-1,4307782,4308511,242
-1,4309447,4310980,510
-1,4311106,4312042,311
-1,4314343,4315102,252
-1,4317214,4318009,264
-1,4318252,4318681,142
-1,4321243,4321663,139
-1,4321696,4322431,244
-1,4336504,4336897,130
-1,4337167,4337929,253
-1,4338253,4340524,756
-1,4340719,4341628,302
-1,4344928,4345558,209
-1,4347403,4348744,446
-1,4349314,4350034,239
-1,4352113,4352494,126
-1,4353199,4354744,514
-1,4356469,4358656,728
-1,4374628,4375657,342
-1,4379782,4380574,263
-1,4381006,4381570,187
-1,4384837,4385203,121
-1,4386046,4389370,1107
-1,4389391,4390360,322
-1,4390456,4391542,361
-1,4392370,4392778,135
-1,4400305,4400935,209
-1,4400992,4401454,153
-1,4401505,4401922,138
-1,4403308,4404013,234
-1,4408147,4408720,190
-1,4418560,4419631,356
-1,4420576,4421431,284
-1,4426627,4427422,264
-1,4428910,4429597,228
-1,4432090,4433065,324
-1,4441537,4442242,234
-1,4444156,4444945,262
-1,4446028,4447339,436
-1,4447975,4448410,144
-1,4449121,4449652,176
-1,4456051,4456783,243
-1,4456915,4457299,127
-1,4460521,4462660,712
-1,4463053,4464856,600
-1,4470526,4470979,150
-1,4470985,4471447,153
-1,4471459,4472395,311
-1,4474411,4474774,120
-1,4477306,4478311,334
-1,4480981,4483837,951
-1,4489204,4489645,146
-1,4490140,4491169,342
-1,4491205,4492525,439
-1,4493374,4494406,343
-1,4495189,4496251,353
-1,4498639,4499071,143
-1,4506625,4507021,131
-1,4507465,4508617,383
-1,4513405,4514314,302
-1,4517713,4518235,173
-1,4522126,4524175,682
-1,4530529,4531681,383
-1,4533238,4533784,181
-1,4535683,4536082,132
-1,4536613,4537621,335
-1,4553608,4553995,128
-1,4555489,4556320,276
-1,4565965,4567246,426
-1,4579498,4579897,132
-1,4583248,4586815,1188
-1,4589128,4591294,721
-1,4594936,4595851,304
-1,4599694,4600192,165
-1,4600237,4600975,245
-1,4601623,4602112,162
-1,4614679,4615543,287
-1,4617295,4618072,258
-1,4618702,4619602,299
-1,4619878,4620691,270
-1,4623100,4624117,338
-1,4624144,4624789,214
-1,4628854,4630522,555
-1,4634440,4635310,289
1,336,2799,820
1,7263,7773,169
1,9762,10299,178
1,12162,14079,638
1,15438,16557,372
1,18696,19620,307
1,20697,21063,121
1,25206,25701,164
1,30816,34038,1073
1,34194,34695,166
1,35244,35904,219
1,36231,36981,249
1,39144,39519,124
1,39531,40023,163
1,42339,43173,277
1,51159,51546,128
1,53592,53964,123
1,54045,54570,174
1,57318,58179,286
1,58473,59124,216
1,60321,60855,177
1,60921,61299,125
1,61962,62580,205
1,62757,63171,137
1,65694,66108,137
1,67488,68646,385
1,70335,71265,309
1,74319,74868,182
1,79470,79893,140
1,80148,80553,134
1,82101,82473,123
1,82917,83313,131
1,85539,87354,604
1,89964,91035,356
1,93165,94653,495
1,97086,98403,438
1,100764,102240,491
1,119241,120135,297
1,122058,122856,265
1,125694,127587,630
1,127878,129336,485
1,137043,138633,529
1,139533,140157,207
1,140259,140778,172
1,144576,145017,146
1,145080,146310,409
1,146463,146856,130
1,146967,147870,300
1,149193,149580,128
1,168171,168579,135
1,170571,171465,297
1,173730,174105,124
1,174678,175095,138
1,189675,190599,307
1,196500,197898,465
1,200481,200967,161
1,200970,201996,341
1,204492,205089,198
1,205125,208608,1160
1,208620,209580,319
1,209847,210396,182
1,214290,214836,181
1,215268,215979,236
1,217185,217767,193
1,217869,218661,263
1,221643,222183,179
1,239355,239760,134
1,240342,240816,157
1,241668,242160,163
1,242739,243237,165
1,244311,245094,260
1,246651,247461,269
1,249936,250827,296
1,252300,252699,132
1,252708,253161,150
1,253644,254202,185
1,264267,264714,148
1,276570,277647,358
1,278160,278919,252
1,283179,285168,662
1,286788,288399,536
1,301644,302028,127
1,309279,309774,164
1,320226,321081,284
1,323604,324453,282
1,332364,333459,364
1,336777,338325,515
1,339675,340089,137
1,340164,341115,316
1,341124,342507,460
1,344175,344991,271
1,348681,349572,296
1,354921,356181,419
1,359964,361146,393
1,368049,368526,158
1,368610,370275,554
1,371175,372105,309
1,372108,372924,271
1,386970,387798,275
1,406404,406929,174
1,407427,408105,225
1,413418,413859,146
1,417141,417831,229
1,417888,419184,431
1,422514,424332,605
1,425010,426081,356
1,429459,430476,338
1,434550,435117,188
1,435633,436611,325
1,447081,447567,161
1,452655,453093,145
1,453543,454143,199
1,457425,458700,424
1,468870,470643,590
1,472965,474252,428
1,474576,475071,164
1,484908,485556,215
1,485760,486408,215
1,490881,491259,125
1,496998,497367,122
1,498054,499017,320
1,500124,501429,434
1,501489,501894,134
1,510102,510525,140
1,516555,517362,268
1,519732,520419,228
1,523260,527541,1426
1,527580,527949,122
1,533010,533826,271
1,540558,541866,435
1,541881,543033,383
1,545718,546129,136
1,551808,552171,120
1,554610,555996,461
1,562188,563319,376
1,565971,566532,186
1,568260,568647,128
1,575928,576780,283
1,578094,578568,157
1,580815,581379,187
1,583680,584430,249
1,585051,585483,143
1,595599,596973,457
1,598713,601857,1047
1,604794,605328,177
1,608058,609177,372
1,617280,617829,182
1,619665,620043,125
1,620370,620853,160
1,622299,623550,416
1,627693,628551,285
1,632916,633429,170
1,633585,634746,386
1,642087,643326,412
1,649572,650619,348
1,656532,657117,194
1,658254,658818,187
1,659451,660300,282
1,664860,665298,145
1,666531,667503,323
1,676710,677418,235
1,680211,681663,483
1,688332,688701,122
1,692973,693540,188
1,695100,696276,391
1,699882,700377,164
1,702915,703458,180
1,706092,707757,554
1,708333,709740,468
1,711087,711471,127
1,712851,713532,226
1,723510,723945,144
1,726999,727593,197
1,729582,733776,1397
1,736899,737961,353
1,739506,740925,472
1,743592,744249,218
1,745164,745899,244
1,775152,775845,230
1,775848,776277,142
1,783165,783885,239
1,795861,796551,229
1,798585,799581,331
1,803478,805764,761
1,809343,810384,346
1,811482,812277,264
1,813525,815547,673
1,817683,818058,124
1,819294,819747,150
1,830232,830661,142
1,830871,832236,454
1,842250,843258,335
1,847167,847668,166
1,850443,850965,173
1,851883,852249,121
1,853182,853650,155
1,854985,855357,123
1,867411,869391,659
1,870966,871887,306
1,875334,876663,442
1,878214,878631,138
1,885129,885528,132
1,889050,889437,128
1,890088,890466,125
1,891183,891906,240
1,891966,892869,300
1,892908,893433,174
1,894909,896124,404
1,896133,897087,317
1,902496,902964,155
1,912027,912432,134
1,920346,922293,648
1,927555,927936,126
1,937368,937983,204
1,943413,944031,205
1,945870,947019,382
1,961200,961884,227
1,970851,971598,248
1,971838,972645,268
1,973524,974322,265
1,975594,976326,243
1,983649,984297,215
1,984321,984744,140
1,986151,986940,262
1,990621,993234,870
1,1002888,1003431,180
1,1005915,1006494,192
1,1007193,1007574,126
1,1021137,1021767,209
1,1024377,1026525,715
1,1032111,1033257,381
1,1036353,1036752,132
1,1037733,1039284,516
1,1040586,1041915,442
1,1043445,1043829,127
1,1045914,1046307,130
1,1059255,1061802,848
1,1062672,1063188,171
1,1069944,1070340,131
1,1075182,1075662,159
1,1079322,1080813,496
1,1083375,1084647,423
1,1100247,1100787,179
1,1100874,1101294,139
1,1104864,1105293,142
1,1109316,1110870,517
1,1124691,1125153,153
1,1125561,1126146,194
1,1127799,1129374,524
1,1135548,1136262,237
1,1138377,1140021,547
1,1147620,1148691,356
1,1153299,1154109,269
1,1155123,1155765,213
1,1156716,1157574,285
1,1157868,1159302,477
1,1163259,1164084,274
1,1172754,1173147,130
1,1176477,1177320,280
1,1178532,1179504,323
1,1179519,1180359,279
1,1180935,1181301,121
1,1185132,1185552,139
1,1185801,1187070,422
1,1195122,1196373,416
1,1203255,1203825,189
1,1205730,1206204,157
1,1206912,1207497,194
1,1207500,1208130,209
1,1209648,1210239,196
1,1231185,1232454,422
1,1240899,1241280,126
1,1243089,1243791,233
1,1245159,1245600,146
1,1259205,1259601,131
1,1259619,1260069,149
1,1266093,1266927,277
1,1279863,1283607,1247
1,1285848,1286526,225
1,1286859,1287237,125
1,1289205,1290150,314
1,1296009,1297770,586
1,1301109,1302813,567
1,1303833,1304742,302
1,1312956,1313334,125
1,1323219,1324101,293
1,1333854,1334829,324
1,1339329,1340094,254
1,1356552,1356945,130
1,1359732,1360158,141
1,1361910,1362468,185
1,1365549,1366815,421
1,1368078,1368747,222
1,1380147,1380807,219
1,1384116,1385514,465
1,1415559,1416003,147
1,1416144,1416561,138
1,1418547,1419159,203
1,1420683,1421106,140
1,1421118,1421976,285
1,1421982,1422729,248
1,1428081,1428450,122
1,1428522,1428984,153
1,1432410,1432986,191
1,1447515,1449018,500
1,1449372,1449897,174
1,1450482,1450875,130
1,1453926,1454856,309
1,1455903,1456422,172
1,1457496,1458264,255
1,1458957,1460481,507
1,1460892,1462098,401
1,1463538,1464489,316
1,1477614,1478226,203
1,1480809,1482201,463
1,1488231,1489671,479
1,1490865,1491432,188
1,1495287,1496631,447
1,1506171,1506708,178
1,1506738,1508742,667
1,1509486,1509924,145
1,1510002,1511409,468
1,1512816,1513830,337
1,1513836,1514772,311
1,1518933,1520064,376
1,1530585,1531332,248
1,1531815,1532952,378
1,1534023,1534869,281
1,1543386,1543794,135
1,1547400,1547988,195
1,1548036,1550448,803
1,1550460,1551345,294
1,1564326,1564716,129
1,1568247,1568667,139
1,1570650,1571229,192
1,1571322,1571814,163
1,1581132,1581753,206
1,1592724,1593426,233
1,1604046,1605039,330
1,1617027,1618218,396
1,1625523,1625979,151
1,1635765,1636248,160
1,1637031,1637457,141
1,1645509,1645890,126
1,1647933,1648341,135
1,1656183,1656744,186
1,1663368,1664463,364
1,1664496,1665120,207
1,1669698,1670952,417
1,1675074,1675506,143
1,1679556,1680939,460
1,1680975,1681698,240
1,1695342,1695957,204
1,1703031,1703403,123
1,1708014,1708419,134
1,1708482,1709130,215
1,1715271,1715652,126
1,1717278,1717800,173
1,1722120,1724133,670
1,1729086,1733703,1538
1,1735377,1735959,193
1,1737843,1738869,341
1,1739910,1741122,403
1,1743456,1744830,457
1,1759590,1760343,250
1,1766886,1767270,127
1,1769073,1770186,370
1,1772505,1773777,423
1,1775586,1777182,531
1,1781394,1782684,429
1,1786134,1786509,124
1,1786533,1787094,186
1,1803093,1803567,157
1,1806366,1807299,310
1,1813866,1816128,753
1,1823514,1824402,295
1,1826475,1826862,128
1,1832427,1833234,268
1,1835514,1836063,182
1,1836069,1837239,389
1,1847673,1848057,127
1,1850859,1851876,338
1,1860432,1861353,306
1,1863828,1864734,301
1,1875672,1876854,393
1,1876887,1877256,122
1,1883187,1884633,481
1,1893318,1893711,130
1,1900290,1900728,145
1,1905633,1906254,206
1,1909347,1909737,129
1,1920216,1921662,481
1,1925439,1926096,218
1,1933503,1933977,157
1,1935114,1936083,322
1,1944216,1944852,211
1,1946151,1946853,233
1,1949175,1950354,392
1,1950798,1951398,199
1,1952106,1952661,184
1,1953441,1954413,323
1,1964763,1965528,254
1,1966311,1966770,152
1,1967493,1967946,150
1,1971288,1971867,192
1,1975290,1975656,121
1,1986924,1987428,167
1,1988700,1989213,170
1,1993905,1994277,123
1,1995078,1995546,155
1,1999626,2000025,132
1,2003871,2005278,468
1,2005302,2005713,136
1,2009820,2010489,222
1,2013228,2014887,552
1,2018385,2019513,375
1,2020017,2021091,357
1,2021868,2022606,245
1,2025510,2026326,271
1,2031246,2031807,186
1,2041374,2042025,216
1,2042337,2042898,186
1,2054904,2056515,536
1,2056857,2057574,238
1,2084280,2084667,128
1,2091087,2092401,437
1,2094534,2095125,196
1,2096613,2097225,203
1,2124867,2125707,279
1,2127225,2128023,265
1,2133678,2134044,121
1,2134266,2134827,186
1,2134830,2135415,194
1,2147610,2149026,471
1,2153868,2155263,464
1,2164275,2164998,240
1,2165667,2167029,453
1,2180094,2181099,334
1,2194290,2196333,680
1,2199267,2200269,333
1,2200278,2203911,1210
1,2204529,2205684,384
1,2219784,2220777,330
1,2220840,2221446,201
1,2222151,2223900,582
1,2230587,2231022,144
1,2235258,2236500,413
1,2245266,2246118,283
1,2246238,2246700,153
1,2247360,2247777,138
1,2253819,2254200,126
1,2257350,2257815,154
1,2275272,2276298,341
1,2280102,2280606,167
1,2292984,2293482,165
1,2296695,2297079,127
1,2300631,2301048,138
1,2303904,2304393,162
1,2321865,2323251,461
1,2323446,2324109,220
1,2329842,2330328,161
1,2337183,2337606,140
1,2347152,2348514,453
1,2362572,2363004,143
1,2368038,2370021,660
1,2375820,2376984,387
1,2378190,2378712,173
1,2381589,2382525,311
1,2394768,2395149,126
1,2397714,2398212,165
1,2398884,2400168,427
1,2401596,2402058,153
1,2407560,2408778,405
1,2412009,2412471,153
1,2421324,2421687,120
1,2425755,2426169,137
1,2431677,2432220,180
1,2433108,2433774,221
1,2441703,2443770,688
1,2444334,2444754,139
1,2445390,2445840,149
1,2458443,2458836,130
1,2461299,2462646,448
1,2467854,2468217,120
1,2474031,2474856,274
1,2475510,2475873,120
1,2483754,2484369,204
1,2497182,2497623,146
1,2498670,2500368,565
1,2505735,2506524,262
1,2509629,2510886,418
1,2514324,2515443,372
1,2518812,2519205,130
1,2519334,2519706,123
1,2519745,2520807,353
1,2526945,2527944,332
1,2528430,2529072,213
1,2532408,2533380,323
1,2537748,2538483,244
1,2540265,2540736,156
1,2544036,2544465,142
1,2548014,2549406,463
1,2558151,2558559,135
1,2565675,2566173,165
1,2566305,2566674,122
1,2566977,2567652,224
1,2568783,2569329,181
1,2570052,2570439,128
1,2576370,2577285,304
1,2577309,2577717,135
1,2577735,2578143,135
1,2578665,2579616,316
1,2585715,2587431,571
1,2594034,2594433,132
1,2599842,2600478,211
1,2602635,2603211,191
1,2604810,2606250,479
1,2606916,2608497,526
1,2610705,2611464,252
1,2611896,2613912,671
1,2613933,2614782,282
1,2616093,2617557,487
1,2618385,2619084,232
1,2619546,2619960,137
1,2620077,2620983,301
1,2621181,2622234,350
1,2625075,2626656,526
1,2629791,2630310,172
1,2630325,2630865,179
1,2630931,2631336,134
1,2634231,2635602,456
1,2637000,2637378,125
1,2638479,2638953,157
1,2639313,2639715,133
1,2644212,2644668,151
1,2660646,2661525,292
1,2665413,2666715,433
1,2669031,2670393,453
1,2671224,2672037,270
1,2672046,2673249,400
1,2673273,2673768,164
1,2677128,2677509,126
1,2680257,2680722,154
1,2680944,2681352,135
1,2684214,2685504,429
1,2685813,2687025,403
1,2695932,2697357,474
1,2698686,2699607,306
1,2710419,2712042,540
1,2716182,2716560,125
1,2718063,2718666,200
1,2731677,2732376,232
1,2741967,2742393,141
1,2745720,2746170,149
1,2746470,2747007,178
1,2747886,2748753,288
1,2760546,2761173,208
1,2764512,2764935,140
1,2768664,2769486,273
1,2769702,2770404,233
1,2770431,2771124,230
1,2773317,2775021,567
1,2775918,2776377,152
1,2791272,2792721,482
1,2795655,2796336,226
1,2804541,2806017,491
1,2810769,2811300,176
1,2811414,2812599,394
1,2815578,2816136,185
1,2833911,2835045,377
1,2837619,2837985,121
1,2848575,2849154,192
1,2849274,2849697,140
1,2854731,2855157,141
1,2857092,2859654,853
1,2859759,2860416,218
1,2864235,2865012,258
1,2868141,2868666,174
1,2874591,2875014,140
1,2876580,2877618,345
1,2887311,2887710,132
1,2890254,2890773,172
1,2891124,2891550,141
1,2892129,2892579,149
1,2896665,2897073,135
1,2899971,2900370,132
1,2905641,2906583,313
1,2911827,2912226,132
1,2919408,2920008,199
1,2928228,2929518,429
1,2929575,2930943,455
1,2930964,2931810,281
1,2932416,2932953,178
1,2934234,2935551,438
1,2938887,2939310,140
1,2939358,2940099,246
1,2943300,2944542,413
1,2965449,2965860,136
1,2969661,2970351,229
1,2971596,2972637,346
1,2985846,2987076,409
1,2987475,2988168,230
1,2988501,2989311,269
1,2990553,2991000,148
1,2991234,2991759,174
1,3002613,3003492,292
1,3006261,3007452,396
1,3007509,3008706,398
1,3008763,3009975,403
1,3011460,3012393,310
1,3015159,3015738,192
1,3016059,3019158,1032
1,3021315,3024186,956
1,3027120,3028488,455
1,3040287,3040713,141
1,3046302,3046806,167
1,3047025,3048156,376
1,3051165,3051543,125
1,3053775,3054480,234
1,3058587,3059169,193
1,3060828,3062994,721
1,3068991,3069441,149
1,3070365,3071340,324
1,3081693,3082671,325
1,3084078,3084651,190
1,3084684,3085110,141
1,3089754,3090252,165
1,3095097,3095802,234
1,3097266,3098403,378
1,3099597,3100539,313
1,3106935,3107313,125
1,3114864,3115518,217
1,3116415,3117129,237
1,3117159,3117948,262
1,3128211,3129036,274
1,3134130,3134823,230
1,3135450,3135933,160
1,3136815,3137736,306
1,3138045,3138441,131
1,3138678,3139593,304
1,3140238,3140691,150
1,3141990,3142941,316
1,3144624,3145182,185
1,3149661,3150546,294
1,3152100,3153423,440
1,3161280,3161709,142
1,3161940,3162354,137
1,3166998,3167700,233
1,3169827,3170487,219
1,3180420,3181581,386
1,3186141,3186552,136
1,3192207,3192837,209
1,3197037,3197556,172
1,3198228,3198597,122
1,3198606,3199170,187
1,3204693,3205311,205
1,3208023,3209487,487
1,3226233,3227667,477
1,3234831,3235626,264
1,3235923,3236463,179
1,3239943,3241188,414
1,3245103,3246522,472
1,3246636,3247428,263
1,3252303,3252669,121
1,3259260,3259851,196
1,3264015,3264417,133
1,3278913,3280194,426
1,3281121,3281625,167
1,3284169,3284646,158
1,3285330,3286269,312
1,3286323,3287025,233
1,3288738,3291330,863
1,3303447,3304455,335
1,3306228,3306726,165
1,3306867,3307506,212
1,3309321,3309711,129
1,3312942,3314658,571
1,3314808,3315204,131
1,3315210,3315855,214
1,3315870,3317340,489
1,3318636,3319980,447
1,3328962,3330396,477
1,3335445,3335820,124
1,3338613,3339009,131
1,3341244,3342252,335
1,3351900,3352353,150
1,3365178,3365664,161
1,3369555,3370089,177
1,3374850,3376236,461
1,3376341,3376761,139
1,3378237,3378654,138
1,3380184,3380589,134
1,3380700,3382110,469
1,3384702,3385173,156
1,3390393,3390807,137
1,3392361,3392877,171
1,3399120,3399741,206
1,3405435,3405906,156
1,3415032,3418137,1034
1,3419148,3420066,305
1,3430344,3430743,132
1,3433689,3434199,169
1,3441081,3441621,179
1,3441744,3442125,126
1,3447648,3448203,184
1,3448749,3449166,138
1,3449235,3449889,217
1,3451644,3452280,211
1,3455577,3456393,271
1,3459816,3461013,398
1,3461022,3461460,145
1,3461934,3462351,138
1,3465057,3465543,161
1,3471549,3471930,126
1,3471963,3473550,528
1,3473622,3474024,133
1,3474093,3474555,153
1,3477909,3478509,199
1,3483201,3484224,340
1,3490827,3491298,156
1,3491793,3492192,132
1,3492567,3493749,393
1,3494010,3496554,847
1,3501246,3502290,347
1,3503166,3503952,261
1,3503985,3504783,265
1,3508086,3508734,215
1,3511164,3511599,144
1,3514044,3514428,127
1,3519984,3520602,205
1,3522846,3525423,858
1,3529347,3529749,133
1,3529767,3530652,294
1,3534444,3534819,124
1,3536775,3537288,170
1,3537384,3539706,773
1,3544818,3545565,248
1,3546558,3547875,438
1,3558267,3559866,532
1,3575070,3575664,197
1,3581862,3583041,392
1,3596274,3596652,125
1,3604392,3604989,198
1,3606450,3608649,732
1,3609216,3609882,221
1,3609900,3610512,203
1,3615240,3616185,314
1,3617775,3618582,268
1,3619191,3623427,1411
1,3624558,3624963,134
1,3626880,3627342,153
1,3627504,3628107,200
1,3629181,3629859,225
1,3635514,3635886,123
1,3637128,3637518,129
1,3637641,3639141,499
1,3640110,3640545,144
1,3645333,3646227,297
1,3648468,3648903,144
1,3656994,3657567,190
1,3658287,3658893,201
1,3669591,3671241,549
1,3671325,3671712,128
1,3677901,3678387,161
1,3690090,3690453,120
1,3712854,3713655,266
1,3714906,3716007,366
1,3717297,3718284,328
1,3721197,3722049,283
1,3723174,3723564,129
1,3723867,3724263,131
1,3725886,3726882,331
1,3731130,3732123,330
1,3733719,3734901,393
1,3737496,3739527,676
1,3739599,3740958,452
1,3743742,3744210,155
1,3744327,3744801,157
1,3754851,3755256,134
1,3759342,3759816,157
1,3760758,3761127,122
1,3767220,3767922,233
1,3774105,3775572,488
1,3776664,3777027,120
1,3779826,3781017,396
1,3781863,3782256,130
1,3783639,3784125,161
1,3785115,3786804,562
1,3786813,3788097,427
1,3788100,3789060,319
1,3790587,3791064,158
1,3793986,3794919,310
1,3794928,3795975,348
1,3795978,3796938,319
1,3796947,3798207,419
1,3808539,3809817,425
1,3810192,3810561,122
1,3812658,3813951,430
1,3816675,3817539,287
1,3821370,3822051,226
1,3822399,3824508,702
1,3824514,3825204,229
1,3836952,3838137,394
1,3840747,3841128,126
1,3843963,3845730,588
1,3848670,3849075,134
1,3854742,3855198,151
1,3863739,3864615,291
1,3869355,3870441,361
1,3873342,3873735,130
1,3874686,3875274,195
1,3877641,3878382,246
1,3878418,3878922,167
1,3879276,3880179,300
1,3885075,3886722,548
1,3886827,3888192,454
1,3888714,3890145,476
1,3890235,3891483,415
1,3892755,3893724,322
1,3893868,3894630,253
1,3894651,3895218,188
1,3900762,3901182,139
1,3906840,3907602,253
1,3909549,3910230,226
1,3912846,3913335,162
1,3915270,3915996,241
1,3918324,3920004,559
1,3920043,3920781,245
1,3933777,3935283,501
1,3937266,3938223,318
1,3938226,3939219,330
1,3950559,3951543,327
1,3957834,3959445,536
1,3965655,3966090,144
1,3969027,3970077,349
1,3971259,3972522,420
1,3974466,3975141,224
1,3978600,3979953,450
1,3980886,3982272,461
1,3984750,3985284,177
1,3988911,3989337,141
1,3991152,3993699,848
1,3993849,3994335,161
1,3994761,3995586,274
1,3997182,3997899,238
1,4010073,4011000,308
1,4011075,4011975,299
1,4013052,4015314,753
1,4016424,4017192,255
1,4018854,4019610,251
1,4020225,4021866,546
1,4022217,4022733,171
1,4028844,4029687,280
1,4031160,4032492,443
1,4034607,4035153,181
1,4044156,4045629,490
1,4056372,4057608,411
1,4058406,4060230,607
1,4060446,4061157,236
1,4062246,4063512,421
1,4071012,4071651,212
1,4076145,4077018,290
1,4083789,4084170,126
1,4086015,4086849,277
1,4090152,4090581,142
1,4098471,4099494,340
1,4102791,4103496,234
1,4103682,4104093,136
1,4108833,4109823,329
1,4114896,4115382,161
1,4118901,4119408,168
1,4124769,4125537,255
1,4142529,4143609,359
1,4147074,4147479,134
1,4153833,4154226,130
1,4155000,4156005,334
1,4158459,4159407,315
1,4159524,4159938,137
1,4160421,4160835,137
1,4161027,4161771,247
1,4173081,4174047,321
1,4175943,4177128,394
1,4181211,4185273,1353
1,4189785,4190325,179
1,4193631,4194093,153
1,4204755,4205622,288
1,4209222,4209588,121
1,4213197,4213617,139
1,4215459,4217079,539
1,4217850,4218234,127
1,4233012,4233558,181
1,4236231,4236900,222
1,4244376,4244748,123
1,4245582,4246005,140
1,4247970,4249311,446
1,4254390,4254762,123
1,4255182,4255959,258
1,4257114,4257723,202
1,4257741,4259121,459
1,4261662,4262706,347
1,4265781,4266861,359
1,4267071,4268307,411
1,4274061,4274661,199
1,4289238,4289811,190
1,4293162,4293546,127
1,4298190,4298628,145
1,4298916,4299330,137
1,4308864,4309296,143
1,4313406,4313799,130
1,4314069,4314435,121
1,4316838,4317369,176
1,4318152,4318683,176
1,4319715,4320102,128
1,4320201,4320681,159
1,4322430,4322922,163
1,4326189,4326654,154
1,4327134,4329363,742
1,4365786,4366335,182
1,4366407,4366770,120
1,4366872,4367421,182
1,4367484,4368324,279
1,4368663,4369140,158
1,4371024,4372671,548
1,4375698,4376265,188
1,4376724,4377192,155
1,4399251,4400202,316
1,4409274,4410006,243
1,4410132,4410534,133
1,4410552,4411251,232
1,4413012,4414191,392
1,4416951,4417701,249
1,4421127,4421490,120
1,4422564,4422939,124
1,4425117,4425513,131
1,4426107,4426557,149
1,4429863,4431276,470
1,4436754,4437495,246
1,4452549,4453596,348
1,4455081,4455600,172
1,4457958,4459311,450
1,4460016,4460409,130
1,4467624,4470321,898
1,4475400,4477251,616
1,4478472,4478889,138
1,4479702,4480926,407
1,4505271,4506405,377
1,4515372,4515867,164
1,4516155,4516668,170
1,4532907,4533312,134
1,4540926,4541559,210
1,4542036,4542633,198
1,4548798,4549710,303
1,4554777,4555200,140
1,4558248,4558632,127
1,4560243,4560720,158
1,4562082,4562451,122
1,4565466,4565832,121
1,4569345,4569918,190
1,4570482,4571022,179
1,4591656,4593312,551
1,4593465,4593849,127
1,4593867,4594371,167
1,4597293,4597848,184
1,4598598,4599027,142
1,4603476,4604202,241
1,4607802,4608216,137
1,4608645,4609323,225
1,4609386,4611003,538
1,4612374,4613484,369
1,4620825,4621602,258
1,4627293,4628547,417
1,4636695,4638120,474
1,4638177,4639530,450
